{
  "variants": {
    "facing=north": {
      "model": "circuitry_and_magic__:block/arcane_reciever_on"
    },
    "facing=east": {
      "model": "circuitry_and_magic__:block/arcane_reciever_on",
      "y": 90
    },
    "facing=south": {
      "model": "circuitry_and_magic__:block/arcane_reciever_on",
      "y": 180
    },
    "facing=west": {
      "model": "circuitry_and_magic__:block/arcane_reciever_on",
      "y": 270
    },
    "facing=up": {
      "model": "circuitry_and_magic__:block/arcane_reciever_on",
      "x": 270
    },
    "facing=down": {
      "model": "circuitry_and_magic__:block/arcane_reciever_on",
      "x": 90
    }
  }
}