{
  "_fv": 73,
  "_type": "recipe",
  "definition": {
    "recipeType": "Brewing",
    "recipeRetstackSize": 1,
    "group": "",
    "cookingBookCategory": "MISC",
    "xpReward": 0.0,
    "cookingTime": 200,
    "craftingBookCategory": "REDSTONE",
    "recipeShapeless": false,
    "brewingInputStack": {
      "value": "Items.AMETHYST_SHARD"
    },
    "brewingIngredientStack": {
      "value": "Items.REDSTONE"
    },
    "brewingReturnStack": {
      "value": "CUSTOM:ArcanaDust"
    },
    "name": "arcana_dust_recipe",
    "namespace": "mod"
  }
}