{
	"credit": "Made with Blockbench",
	"textures": {
		"0": "Arcane Reciever Block",
		"1": "Arcane Reciever Block",
		"particle": "Arcane Reciever Block"
	},
	"elements": [
		{
			"from": [5, 0, 11],
			"to": [11, 8, 16],
			"rotation": {"angle": 0, "axis": "y", "origin": [9.255, 7.755, 14.505]},
			"faces": {
				"north": {"uv": [0, 8, 6, 16], "texture": "#1"},
				"east": {"uv": [0, 8, 6, 16], "texture": "#1"},
				"south": {"uv": [0, 8, 6, 16], "texture": "#1"},
				"west": {"uv": [0, 8, 6, 16], "texture": "#1"},
				"up": {"uv": [6, 11, 12, 16], "texture": "#1"},
				"down": {"uv": [6, 11, 12, 16], "texture": "#1"}
			}
		},
		{
			"from": [10, 8, 15],
			"to": [11, 12, 16],
			"rotation": {"angle": 0, "axis": "y", "origin": [9.255, 7.755, 14.505]},
			"faces": {
				"north": {"uv": [0, 4, 1, 8], "texture": "#1"},
				"east": {"uv": [0, 4, 1, 8], "texture": "#1"},
				"south": {"uv": [0, 4, 1, 8], "texture": "#1"},
				"west": {"uv": [0, 4, 1, 8], "texture": "#0"},
				"up": {"uv": [0, 3, 1, 4], "texture": "#1"},
				"down": {"uv": [0, 3, 1, 4], "texture": "#1"}
			}
		},
		{
			"from": [9.935, 10.935, 14.935],
			"to": [11.085, 12.085, 16.085],
			"rotation": {"angle": 0, "axis": "y", "origin": [9.255, 7.755, 14.505]},
			"faces": {
				"north": {"uv": [1, 3, 2, 4], "texture": "#1"},
				"east": {"uv": [1, 3, 2, 4], "texture": "#1"},
				"south": {"uv": [1, 3, 2, 4], "texture": "#1"},
				"west": {"uv": [1, 3, 2, 4], "texture": "#1"},
				"up": {"uv": [1, 3, 2, 4], "texture": "#1"},
				"down": {"uv": [1, 3, 2, 4], "texture": "#1"}
			}
		}
	],
	"display": {
		"thirdperson_righthand": {
			"rotation": [75, 45, 0],
			"translation": [0, 2.5, 0],
			"scale": [0.375, 0.375, 0.375]
		},
		"thirdperson_lefthand": {
			"rotation": [75, 45, 0],
			"translation": [0, 2.5, 0],
			"scale": [0.375, 0.375, 0.375]
		},
		"firstperson_righthand": {
			"rotation": [0, -90, 25],
			"translation": [1.13, 3.2, 1.13],
			"scale": [0.68, 0.68, 0.68]
		},
		"firstperson_lefthand": {
			"rotation": [0, -90, 25],
			"translation": [1.13, 3.2, 1.13],
			"scale": [0.68, 0.68, 0.68]
		},
		"ground": {
			"translation": [0, 2, 0],
			"scale": [0.5, 0.5, 0.5]
		},
		"gui": {
			"rotation": [30, 225, 0],
			"scale": [0.625, 0.625, 0.625]
		},
		"head": {
			"translation": [11, 9.5, -6]
		},
		"fixed": {
			"translation": [0, 0, -6.75],
			"scale": [1, 1, 0.55]
		}
	},
	"groups": [
		{
			"name": "group",
			"origin": [10.5, 11.5, 10.5],
			"color": 0,
			"children": [0, 1, 2]
		}
	]
}